school_name,position_id,position_name
Northern Highlands,Arab League:Mauritania
Northern Highlands,HRC:Saudi Arabia
Northern Highlands,DISEC:Saudi Arabia
Northern Highlands,SpecPol:Australia
Northern Highlands,HRC:Australia
Northern Highlands,UNDP:Argentina
Northern Highlands,Plenary:Argentina
Northern Highlands,UN Women:Hungary
Northern Highlands,Environmental Assembly:Hungary
Northern Highlands,SpecPol:Argentina
Northern Highlands,HRC:Argentina
Northern Highlands,UNHCR:Bulgaria
Northern Highlands,UNDP:Bulgaria
Northern Highlands,Plenary:Cambodia
Northern Highlands,SpecPol:Cambodia
Northern Highlands,UNDP:Syrian Arab Republic
Northern Highlands,Plenary:Syrian Arab Republic
Northern Highlands,DISEC:Italy
Northern Highlands,DISEC:Italy
Northern Highlands,Hungary:Arthur Görgey
Arlington,African Union:Lesotho
Arlington,African Union:Uganda
Arlington,UNDP:Bangladesh
Arlington,EPA:Chief Financial Officer;
Arlington,Sri Lankan Parliament:Vijitha Herath
Arlington,Sri Lankan Parliament:Lakshman Yapa Abeywardena
Arlington,Cuba:Armando Hart Dávalos
Arlington,Columbian Crisis:Minister of Government
Stevenson,African Union:Mauritania 
Stevenson,Environmental Assembly:Norway
Stevenson,DISEC:Uzbekistan
Stevenson,Plenary:Jordan
Stevenson,SpecPol:Jordan
Stevenson,African Union:Côte D’Ivoire
Stevenson,ECOSOC:Greece
Stevenson,Zanzibar Revolutionary Government:14
Stevenson,Algeciras:Maria Borgia
Stevenson,"Second Council of Lyon:Pope Gregory X, Bishop of Rome"
Stevenson,Italy:Massimo d'Azeglio (Member of Sardinian Parliament)
Stevenson,Muslim Brotherhood:Mohammed Ezzat
Stevenson,US (Cuba):2
Stevenson,Egypt Protestors:Moussa Moustafa Moussa of the El-Ghad Party
Stevenson,US (Cuba):6
Stevenson,Egyptian Government:10
Oceanside,WHO:China
Oceanside,UN Women:China
Oceanside,WHO:Cameroon
Oceanside,UN Women:Cameroon
Oceanside,DISEC:Columbia
Oceanside,African Union:Malawi
Oceanside,UN Women:Israel
Oceanside,ECOSOC:Israel
Oceanside,African Union:Zambia
Oceanside,UNHCR:Germany
Oceanside,UNDP:Germany
Oceanside,WHO:Morocco
Oceanside,UN Women:Morocco
Oceanside,Plenary:Greece
Oceanside,SpecPol:Greece
Oceanside,UNDP:Hungary
Oceanside,Plenary:Hungary
Oceanside,DISEC:Finland
Oceanside,HRC:Germany
Oceanside,DISEC:Germany
Oceanside,UNHCR:Honduras
Oceanside,UNDP:Honduras
Oceanside,HRC:India
Oceanside,DISEC:India
Oceanside,DISEC:El Salvador
Oceanside,Arab League:Egypt
Oceanside,DISEC:Morocco
Oceanside,African Union:Morocco
Oceanside,Plenary:Honduras
Oceanside,SpecPol:Honduras
Cape Elizabeth,African Union:Mali
Cape Elizabeth,African Union:Rwanda
Cape Elizabeth,WHO:Australia
Cape Elizabeth,UN Women:Australia
Cape Elizabeth,UNHCR:Turkey
Cape Elizabeth,UNDP:Turkey
Cape Elizabeth,SpecPol:Central African Republic
Cape Elizabeth,HRC:Central African Republic
Cape Elizabeth,UNHCR:France
Cape Elizabeth,UNDP:France
Cape Elizabeth,Plenary:Brazil
Cape Elizabeth,EPA:Assistant Administrator for the Office of Research and Development;
Cape Elizabeth,Australian Parliament:Lisa Singh
Cape Elizabeth,Italy:Vincenzo Gioberti (Member of Sardinian Parliament)
American International School in Israel,Peter the Great:General Aleksandr Menshikov
American International School in Israel,Westphalia:Swiss Confederacy
American International School in Israel,Global Nato:Pakistan
American International School in Israel,"Second Council of Lyon:Albrecht of Styria, Delegate from Austria representing Rudolf of Habsburg"
American International School in Israel,Egypt Protestors:Mohamed ElBaradei with the National Association for Change
American International School in Israel,Hungary:Joseph Matthäus Aigner.
American International School in Israel,US (Cuba):11
American International School in Israel,Gulf States:Abdullah bin Abdulaziz Al Saud
Forman ,Security Council:KAZAKHSTAN
Forman ,Plenary:Iran
Forman ,SpecPol:Iran
Forman ,Security Council:ETHIOPIA
Forman ,HRC:Armenia
Forman ,DISEC:Armenia
Forman ,WHO:United States
Forman ,UN Women:United States
Forman ,UNDP:Finland
Forman ,Plenary:Finland
Forman ,Peter the Great:Baron Pyotr Shafirov
Forman ,Sri Lankan Parliament:Wijeyadasa Rajapakshe
Forman ,Peter the Great:Marshal Boris Sheremetev
Forman ,Global Nato:United Kingdom
St. Paul's,EU:Bulgaria 
St. Paul's,African Union:Somalia
St. Paul's,Arab League:Somalia
St. Paul's,WHO:Central African Republic
St. Paul's,Italy:Giuseppe Garibaldi (Leader of Volunteer Legions)
Garden School,EU:Poland 
Garden School,African Union:Gabon
Garden School,Security Council:US
Garden School,Australian Parliament:George Brandis
Garden School,"EPA:CEO, DuPont Corporation"
Garden School,Zanzibar Revolutionary Government:18
Garden School,Columbian Crisis:Chief of the National Prison System
Garden School,Columbian Crisis:Minister of Finance and Public Credit
Garden School,US (Cuba):5
Milton Academy,African Union:Congo
Milton Academy,UN Women:Greece
Milton Academy,Environmental Assembly:Greece
Milton Academy,WHO:India
Milton Academy,UN Women:India
Milton Academy,WHO:Cambodia
Milton Academy,UN Women:Cambodia
Milton Academy,UNHCR:Saudi Arabia
Milton Academy,UNDP:Saudi Arabia
Milton Academy,DISEC:Jordan
Milton Academy,Arab League:Jordan
Milton Academy,British Parliament:Edward Wortley Montagu
Milton Academy,Guadalajara:California
Milton Academy,EPA:Assistant Administrator for the Office of Administration and Resources Management;
Milton Academy,British Parliament:Thomas Gilbert
Milton Academy,Algeciras:Juan Montes
Milton Academy,Algeciras:Ali Pasha
Milton Academy,Peter the Great:Archbishop Theophan Prokopovich
Milton Academy,Muslim Brotherhood:Subhi Saleh
Milton Academy,Columbian Crisis:Minister of Justice
Hunter College High,Algeciras:Mohammed al-Muqari
Hunter College High,Algeciras:Edward Roberts
Hunter College High,Egyptian Government:3
Hunter College High,US (Cuba):9
Hunter College High,Muslim Brotherhood:Ahmad Artif
Hunter College High,Italy:Giacomo Durando (Sardinian General)
Hunter College High,Gulf States:Sheikh Hamad bin Jassim bin Jaber Al Thani
Hunter College High,Italy:Carlo Cattaneo (President of the Council of Milan)
St. John's Prep,Security Council:UKRAINE
St. John's Prep,African Union:Libya
St. John's Prep,Arab League:Libya
St. John's Prep,WHO:Russia
St. John's Prep,UN Women:Russia
St. John's Prep,UN Women:Central African Republic
St. John's Prep,Environmental Assembly:Central African Republic
St. John's Prep,Environmental Assembly:Pakistan
St. John's Prep,ECOSOC:Pakistan
St. John's Prep,Plenary:China
St. John's Prep,SpecPol:China
St. John's Prep,Environmental Assembly:Germany
St. John's Prep,ECOSOC:Germany
St. John's Prep,Environmental Assembly:United States
St. John's Prep,ECOSOC:United States
St. John's Prep,UNHCR:United States
St. John's Prep,UNDP:United States
St. John's Prep,WHO:Hungary
St. John's Prep,Australian Parliament:Scott Ryan
St. John's Prep,ICC:South Africa
St. John's Prep,Westphalia:Netherlands 2
St. John's Prep,Zanzibar Revolutionary Government:10
St. John's Prep,Egypt Protestors:Rashida Atiyeh* of the Coalition of the Youth of the Revolution
St. John's Prep,US (Cuba):4
St. John's Prep,Holy Alliance:František Palacký
Westwood,EU:Belgium 
Westwood,UNHCR:Argentina
Westwood,Algeciras:Anna Schein
Westwood,Westphalia:Saxony 2
Westwood,"Holy Alliance:Franz Stadion, Graf von Warthausen"
Westwood,Singapore Crisis:Lim Chin Siong
Westwood,Columbian Crisis:Minister of Public Works and Transport
Westwood,Holy Alliance:Prince Felix von Schwarzenburg
Westwood,Cuba:Osvaldo Dorticós Torrado
Westwood,Egyptian Government:2
Westwood,Egyptian Government:7
Westwood,Holy Alliance:Baron Johann von Wessenberg-Ampringen
Westwood,Muslim Brotherhood:Khairat al-Shater
Westwood,Muslim Brotherhood:Farid Ismail
Beaver Country Day,Environmental Assembly:Venezuela
Beaver Country Day,African Union:Mozambique
Beaver Country Day,African Union:Sao Tomé and Principe
Beaver Country Day,HRC:Jordan
Beaver Country Day,EPA:Assistant Administrator for the Office of Water;
Beaver Country Day,Rashidun Caliphate:Ali
Beaver Country Day,Sri Lankan Parliament:Douglas Devananda
Beaver Country Day,EPA:Assistant Administrator for the Office of Enforcement and Compliance Assurance;
Beaver Country Day,Zanzibar Revolutionary Government:20
Beaver Country Day,ICC:Japan
Beaver Country Day,Egyptian Government:13
Beaver Country Day,Singapore Crisis:James Puthucheary
Beaver Country Day,Egypt Protestors:Wael Abbas of Egyptian Awareness
Beaver Country Day,Egyptian Government:12
Beaver Country Day,Cuba:Melba Hernández Rodríguez del Rey
Beaver Country Day,Egypt Protestors:Asmaa Mafouz of the April 6th Movement
Western Reserve,EU:Romania
Western Reserve,African Union:Djibouti
Western Reserve,Arab League:Djibouti
Western Reserve,WHO:Germany
Western Reserve,UN Women:Germany
Western Reserve,HRC:South Korea
Western Reserve,DISEC:South Korea
Western Reserve,UNDP:Italy
Western Reserve,Plenary:Italy
Western Reserve,Plenary:Italy
Western Reserve,SpecPol:Italy
Western Reserve,HRC:Israel
Western Reserve,DISEC:Israel
Western Reserve,SpecPol:Syrian Arab Republic
Western Reserve,Peter the Great:Admiral Fyodor Apraksin
Western Reserve,Sri Lankan Parliament:Selvam Adaikalanathan
Western Reserve,Rashidun Caliphate:Aisha
Western Reserve,"EPA:CEO, Union Carbide"
Western Reserve,Egyptian Government:6
Western Reserve,Hungary:Lajos Batthyány
Saint Ann's,WHO:Armenia
Saint Ann's,UN Women:Armenia
Saint Ann's,Security Council:SENEGAL
Saint Ann's,EU:France 
Saint Ann's,UNHCR:China
Saint Ann's,UNDP:China
Saint Ann's,WHO:Honduras
Saint Ann's,UN Women:Honduras
Saint Ann's,Environmental Assembly:Italy
Saint Ann's,ECOSOC:Italy
Saint Ann's,Global Nato:New Zealand
Saint Ann's,British Parliament:Horace Walpole
Saint Ann's,Guadalajara:Loreto
Saint Ann's,ICC:Georgia
Saint Ann's,Rashidun Caliphate:Anwar Fawad
Saint Ann's,"EPA:John N.Mitchell, 67th Attorney General of the United States"
Saint Ann's,British Parliament:Sir Joseph Mawbey
Saint Ann's,Guadalajara:Amazonas
Saint Ann's,Singapore Crisis:Goh Keng Swee
Saint Ann's,Holy Alliance:Franz Anton Graf von Kolowrat-Liebsteinsky
St. John's,African Union:Nigeria
St. John's,African Union:Burkina Faso
St. John's,EU:Greece 
St. John's,African Union:Ghana
St. John's,UNHCR:Greece
St. John's,UNDP:Greece
St. John's,Environmental Assembly:Honduras
St. John's,ECOSOC:Honduras
St. John's,ECOSOC:Syrian Arab Republic
St. John's,UNHCR:Syrian Arab Republic
St. John's,HRC:Austria
St. John's,DISEC:Austria
St. John's,Plenary:Germany
St. John's,SpecPol:Germany
St. John's,HRC:United States
St. John's,DISEC:United States
St. John's,Sri Lankan Parliament:Sumedha G. Jayasena
St. John's,ICC:Canada
St. John's,Guadalajara:Ucayali
St. John's,Rashidun Caliphate:Sameer Khan
St. John's,Second Council of Lyon:David of Ashby
St. John's,EPA:Assistant Administrator for Toxic Substances (also known as the Assistant Administrator for the Office of Chemical Safety and Pollution Prevention);
St. John's,Cuba:Raúl Modesto Castro Ruz
St. John's,Columbian Crisis:Minister of Communications
St. John's,Cuba:Ernesto ‘Che’ Guevara de la Serna
NYCi,WHO:Afghanistan
NYCi,UN Women:Afghanistan
NYCi,Security Council:SWEDEN
NYCi,Westphalia:Venice 2
NYCi,"Second Council of Lyon:Joseph I of Constantinople, Ecumenical Patriarch of Constantinople"
NYCi,Zanzibar Revolutionary Government:13
Jeju,African Union:Madagascar
Jeju,African Union:Togo
Jeju,UN Women:Syrian Arab Republic
Jeju,Environmental Assembly:Syrian Arab Republic
Jeju,Arab League:Comoros
Jeju,Environmental Assembly:Bulgaria
Jeju,ECOSOC:Bulgaria
Jeju,African Union:Tanzania
Jeju,"EPA:Russel E. Train, White House Environmental Policy Council chairman"
Jeju,Sri Lankan Parliament:Anura Kumara Dissanayaka
RIMUN,EU:Italy 
RIMUN,ECOSOC:Finland
RIMUN,UNHCR:Finland
RIMUN,Environmental Assembly:Cameroon
RIMUN,ECOSOC:Cameroon
RIMUN,Plenary:Algeria
RIMUN,SpecPol:Algeria
RIMUN,Plenary:South Korea
RIMUN,SpecPol:South Korea
RIMUN,HRC:Turkey
RIMUN,DISEC:Turkey
RIMUN,WHO:El Salvador
RIMUN,UN Women:El Salvador
RIMUN,HRC:Pakistan
RIMUN,DISEC:Pakistan
RIMUN,Environmental Assembly:France
RIMUN,ECOSOC:France
RIMUN,Environmental Assembly:El Salvador
RIMUN,Global Nato:Russia
RIMUN,ICC:Austria
RIMUN,Guadalajara:Mato Grosso
RIMUN,Guadalajara:Illinois
RIMUN,Algeciras:Sofia Garcia
Colegio Maya,African Union:Botswana
Colegio Maya,EU:Germany 
Colegio Maya,African Union:Sierra Leone
Colegio Maya,Plenary:Saudi Arabia
Colegio Maya,SpecPol:Saudi Arabia
Colegio Maya,Environmental Assembly:Mexico
Colegio Maya,ECOSOC:Mexico
Colegio Maya,DISEC:Australia
Colegio Maya,Plenary:Canada
Colegio Maya,SpecPol:Canada
Colegio Maya,ICC:Philippines
Colegio Maya,ICC:El Salvador
Colegio Maya,Australian Parliament:James McGrath
Colegio Maya,Guadalajara:Aceh
Colegio Maya,Algeciras:Karl Kofler
Colegio Maya,Columbian Crisis:Deputy Justice Minister
Colegio Maya,Egyptian Government:1
Colegio Maya,Gulf States:Sheikh Jaber Al-Mubarak Al-Hamad Al-Sabah
Colegio Maya,Singapore Crisis:Fong Swee Suan
Colegio Maya,Gulf States:Commander Mutlaq bin Salem Al Azima
Sharon,African Union:Senegal
Sharon,Arab League:Kuwait
Sharon,EU:Austria 
Sharon,EU:Croatia
Sharon,"Second Council of Lyon:Nicholas II of Alexandria, Patriarch of Alexandria"
Sharon,Peter the Great:Prince Vasily Golitsyn
Sharon,Rashidun Caliphate:Hamza Sayeed
Sharon,ICC:Bosnia and Herzegovina
Sharon,Italy:Guglielmo Pepe (General of the Kingdom of the Two Sicilies)
Sharon,Gulf States:Nasser Al-Sabah
Sharon,Muslim Brotherhood:Mohammed al-Beltagy
Sharon,Columbian Crisis:Minister of Economic Development
Fryeburg Academy,Security Council:URUGUAY
Fryeburg Academy,WHO:Israel
Fryeburg Academy,Sri Lankan Parliament:R. Sampanthan
Fryeburg Academy,Australian Parliament:Penny Wong
Fryeburg Academy,Hungary:Franz Schuselka
Fryeburg Academy,Hungary:Count Franz Philipp von Lamberg
Montclair Kimberley Academy,EU:Lithuania
Montclair Kimberley Academy,WHO:Finland
Montclair Kimberley Academy,UN Women:Finland
Montclair Kimberley Academy,Arab League:Qatar
Montclair Kimberley Academy,Plenary:Pakistan
Montclair Kimberley Academy,SpecPol:Pakistan
Montclair Kimberley Academy,HRC:Bangladesh
Montclair Kimberley Academy,DISEC:Bangladesh
Montclair Kimberley Academy,Arab League:Saudi Arabia
Montclair Kimberley Academy,Environmental Assembly:Morocco
Montclair Kimberley Academy,Australian Parliament:Chris Ketter
Montclair Kimberley Academy,Algeciras:David Bensimon
Montclair Kimberley Academy,Australian Parliament:Malcolm Turnbull
Montclair Kimberley Academy,Zanzibar Revolutionary Government:16
Montclair Kimberley Academy,Sri Lankan Parliament:Tilak Marapana
Montclair Kimberley Academy,Singapore Crisis:Toh Chin Chye
NYC Lab,WHO:Saudi Arabia
NYC Lab,UN Women:Saudi Arabia
NYC Lab,Environmental Assembly:Jordan
NYC Lab,ECOSOC:Jordan
NYC Lab,UNHCR:Bahrain
NYC Lab,UNDP:Bahrain
NYC Lab,Plenary:Australia
NYC Lab,Zanzibar Revolutionary Government:17
NYC Lab,British Parliament:John Huske
NYC Lab,Zanzibar Revolutionary Government:15
NYC Lab,Rashidun Caliphate:Hussein
NYC Lab,Global Nato:Turkey
NYC Lab,ICC:Kenya
NYC Lab,Global Nato:Germany
NYC Lab,Guadalajara:Cross River State
NYC Lab,Sherpa + Nepalese Government:Ang Tshering Sherpa
NYC Lab,EPA:Assistant Administrator for the Office of Solid Waste;
NYC Lab,Muslim Brotherhood:Saad al-Husseini
NYC Lab,Muslim Brotherhood:Hussein Ibrahim
NYC Lab,Cuba:Alfredo Guevara Valdés
Stuyvesant,WHO:Bangladesh
Stuyvesant,UN Women:Bangladesh
Stuyvesant,African Union:Gambia
Stuyvesant,HRC:Belgium
Stuyvesant,DISEC:Belgium
Stuyvesant,African Union:Eritrea
Stuyvesant,EU:Slovenia 
Stuyvesant,HRC:Mexico
Stuyvesant,DISEC:Mexico
Stuyvesant,DISEC:Central African Republic
Stuyvesant,African Union:Central African Republic
Stuyvesant,UNDP:United Kingdom
Stuyvesant,Plenary:United Kingdom
Stuyvesant,Environmental Assembly:Egypt
Stuyvesant,ECOSOC:Egypt
Stuyvesant,SpecPol:El Salvador
Stuyvesant,HRC:El Salvador
Stuyvesant,DISEC:Egypt
Stuyvesant,African Union:Egypt
Stuyvesant,SpecPol:Morocco
Stuyvesant,HRC:Morocco
Stuyvesant,Guadalajara:Maranhão
Stuyvesant,Peter the Great:General Patrick Gordon
Stuyvesant,Sri Lankan Parliament:Thilanga Sumathipala
Stuyvesant,Algeciras:Ekaterina Neverova
Stuyvesant,Sherpa + Nepalese Government:Bhim Prasad Acharya
Stuyvesant,"Second Council of Lyon:King James of Aragon, King of Aragon"
Stuyvesant,Sri Lankan Parliament:Lakshman Kiriella
Stuyvesant,Italy:Daniele Manin (President of the Republic of San Marco)
Stuyvesant,Hungary:Ferenc Deák.
Meridian Academy,Security Council:ITALY
Meridian Academy,African Union:Equatorial Guinea
Meridian Academy,African Union:Namibia
Meridian Academy,Zanzibar Revolutionary Government:3
Meridian Academy,Zanzibar Revolutionary Government:8
Meridian Academy,ICC:Burundi
Meridian Academy,Cuba:Antonio Núñez Jiménez
Meridian Academy,Egypt Protestors:Mohammed Adel of April 6th Movement and Kefaya
Meridian Academy,US (Cuba):16
Thomas A. Edison CTE,Security Council:RUSSIA
Thomas A. Edison CTE,WHO:Bahrain
Thomas A. Edison CTE,UN Women:Bahrain
Thomas A. Edison CTE,UNHCR:Jordan
Thomas A. Edison CTE,UNDP:Jordan
Thomas A. Edison CTE,ECOSOC:Central African Republic
Thomas A. Edison CTE,UNHCR:Central African Republic
Thomas A. Edison CTE,African Union:Cape Verde
Thomas A. Edison CTE,UNHCR:United Kingdom
Thomas A. Edison CTE,Rashidun Caliphate:Ahmad Nassar
Thomas A. Edison CTE,ICC:New Zealand
Thomas A. Edison CTE,Rashidun Caliphate:Muawiyah I
Thomas A. Edison CTE,Peter the Great:Count Pavel Yaguzhinsky
Thomas A. Edison CTE,US (Cuba):12
Thomas A. Edison CTE,Singapore Crisis:Lee Siew Choh
Hopkins School ,EU:Netherlands
Hopkins School ,WHO:Iran
Hopkins School ,UN Women:Iran
Hopkins School ,Security Council:JAPAN
Hopkins School ,WHO:Bulgaria
Hopkins School ,UN Women:Bulgaria
Hopkins School ,ECOSOC:Italy
Hopkins School ,UNHCR:Italy
Hopkins School ,ECOSOC:Hungary
Hopkins School ,UNHCR:Hungary
Hopkins School ,SpecPol:Italy
Hopkins School ,Rashidun Caliphate:Khaled Hasan
Hopkins School ,Australian Parliament:Murray Watt
Hopkins School ,"EPA:Philip Angell, Special Assistant to the Administrator (William Ruckelshaus)"
Hopkins School ,Peter the Great:Admiral Franz Lefort
Hopkins School ,Peter the Great:Ambassador/Nobleman Pyotr Tolstoy
Hopkins School ,"Second Council of Lyon:Gualtiero da Vezzano, Bishop of Genoa"
Hopkins School ,Gulf States:Prince Mutaib bin Abdullah
Hopkins School ,US (Cuba):13
Hopkins School ,Gulf States:Prince Khalifa bin Salman Al Khalifa
Lincoln,African Union:Guinea
Lincoln,UNHCR:South Korea
Lincoln,UNDP:South Korea
Lincoln,Arab League:Palestine
Lincoln,UN Women:Italy
Lincoln,UN Women:Italy
Lincoln,UNDP:Central African Republic
Lincoln,Plenary:Central African Republic
Lincoln,Plenary:Belgium
Lincoln,SpecPol:Belgium
Lincoln,British Parliament:James Harris
Lincoln,Global Nato:Brazil
Lincoln,Peter the Great:Cossack Hetman Ivan Skoropadsky
Lincoln,Global Nato:Japan
Lincoln,Australian Parliament:Catryna Bilyk
Lincoln,Zanzibar Revolutionary Government:7
Lincoln,Columbian Crisis:Minister of Labour
Lincoln,Holy Alliance:Archduke Louis
Lincoln,US (Cuba):7
Lincoln,Egyptian Government:4
Clayton A. Bouton,African Union:Niger
Clayton A. Bouton,UN Women:Austria
Clayton A. Bouton,ECOSOC:Austria
Clayton A. Bouton,African Union:Algeria
Clayton A. Bouton,Arab League:Algeria
Clayton A. Bouton,HRC:Afghanistan
Clayton A. Bouton,DISEC:Afghanistan
Clayton A. Bouton,Plenary:United States
Clayton A. Bouton,SpecPol:United States
Clayton A. Bouton,HRC:Cambodia
Clayton A. Bouton,DISEC:Cambodia
Clayton A. Bouton,UNHCR:Russia
Clayton A. Bouton,UNDP:Russia
Clayton A. Bouton,HRC:Cameroon
Clayton A. Bouton,African Union:Cameroon
Clayton A. Bouton,Plenary:Russia
Clayton A. Bouton,SpecPol:Russia
Clayton A. Bouton,Sherpa + Nepalese Government:Pasang Tenzing Sherpa
Clayton A. Bouton,"EPA:CEO, U.S. Steel Corporation"
Clayton A. Bouton,Westphalia:Sweden
Clayton A. Bouton,Second Council of Lyon:Rychaldus
Clayton A. Bouton,Zanzibar Revolutionary Government:9
Clayton A. Bouton,Egyptian Government:8
Clayton A. Bouton,Gulf States:Prince Salman bin Hamad bin Isa Al Khalifa
King,African Union:DR Congo
King,Environmental Assembly:Armenia
King,ECOSOC:Armenia
King,WHO:Brazil
King,UN Women:Brazil
King,UNHCR:Belgium
King,UNDP:Belgium
King,Plenary:Turkey
King,SpecPol:Turkey
King,UNHCR:Brazil
King,UNDP:Brazil
King,British Parliament:Samuel Martin
King,Westphalia:Sweden 2
King,Global Nato:South Korea
King,Westphalia:Venice
King,Peter the Great:Empress Catherine I
King,Westphalia:Swiss Confederacy 2
King,Sherpa + Nepalese Government:Ellen Gallant
King,Holy Alliance:Josef Radetsky
King,Cuba:Aníbal Escalante Dellundé
Barrington,EU:Portugal
Barrington,WHO:United Kingdom
Barrington,UN Women:United Kingdom
Barrington,Environmental Assembly:South Korea
Barrington,ECOSOC:South Korea
Barrington,African Union:Swaziland
Barrington,UNHCR:Israel
Barrington,UNDP:Israel
Barrington,HRC:Algeria
Barrington,DISEC:Algeria
Barrington,HRC:China
Barrington,DISEC:China
Barrington,EU:Cyprus
Barrington,HRC:Greece
Barrington,DISEC:Greece
Barrington,British Parliament:Henry Dawkins
Barrington,Rashidun Caliphate:Bilal Habeeb
Barrington,Westphalia:Brandenburg-Prussia 2
Barrington,Guadalajara:Catalonia
Barrington,Muslim Brotherhood:Mohammed Morsi
Barrington,Hungary:Bertalan Szemere
Barrington,US (Cuba):1
Bronx Science,African Union:Burundi
Bronx Science,Environmental Assembly:China
Bronx Science,ECOSOC:China
Bronx Science,Environmental Assembly:Canada
Bronx Science,ECOSOC:Canada
Bronx Science,WHO:Pakistan
Bronx Science,UN Women:Pakistan
Bronx Science,ICC:Nigeria
Bronx Science,"Second Council of Lyon:Jean de Nanteuil, Bishop of Troyes"
Bronx Science,ICC:Mongolia
Bronx Science,Australian Parliament:Glenn Sterle
Bronx Science,ICC:Brazil
Bronx Science,Zanzibar Revolutionary Government:12
Bronx Science,Westphalia:Saxony
Bronx Science,Peter the Great:Ambassador Boris Kurakin
Bronx Science,ICC:Malta
Bronx Science,Zanzibar Revolutionary Government:5
Bronx Science,"Second Council of Lyon:Eudoxius of Constantinople, Byzantine Delegate Representing Michael VIII Palaeologus"
Bronx Science,Global Nato:China
Bronx Science,Hungary:István Széchenyi.
Bronx Science,Holy Alliance:Hans Kudlich
Bronx Science,Gulf States:Badr bin Saud al Busaidi
Bronx Science,Egyptian Government:11
Bronx Science,Columbian Crisis:Minister of Agriculture and Rural Development
BU Academy,Environmental Assembly:Algeria
BU Academy,ECOSOC:Algeria
BU Academy,EU:Spain 
BU Academy,WHO:Belgium
BU Academy,UN Women:Belgium
BU Academy,Rashidun Caliphate:Hassan
BU Academy,Guadalajara:Jalisco
BU Academy,Guadalajara:Chiapas
BU Academy,Peter the Great:Count Gavriil Golovkin
BU Academy,EPA:Roy L. Ash of the President's Commission on Executive Reorganization
BU Academy,Egypt Protestors:Hossam el Hamalawy of the Revolutionary Socialists
BU Academy,Hungary:Kázmér Batthyány.
BU Academy,Cuba:Ramiro Valdés Menéndez
BU Academy,Singapore Crisis:Thio Chan Bee
Lexington,African Union:Tunisia
Lexington,Arab League:Tunisia
Lexington,African Union:Chad
Lexington,Environmental Assembly:Bangladesh
Lexington,Australian Parliament:Helen Polley
Lexington,Algeciras:Nassim Bennani
Lexington,Australian Parliament:Barry O’Sullivan
Lexington,Muslim Brotherhood:Essam al-Erian
Lexington,Cuba:Juan Almeida Bosque
Lexington,Egypt Protestors:Ayman Nour of the Ghad El-Thawra Party
PASA,EU:Ireland 
PASA,Environmental Assembly:Sweden
PASA,EU:Sweden
PASA,ECOSOC:Bangladesh
PASA,UNHCR:Bangladesh
PASA,WHO:Syrian Arab Republic
Guilderland,African Union:Kenya
Guilderland,WHO:Canada
Guilderland,UN Women:Canada
Guilderland,African Union:Angola
Guilderland,Environmental Assembly:Brazil
Guilderland,ECOSOC:Brazil
Guilderland,DISEC:Argentina
Guilderland,HRC:Hungary
Guilderland,DISEC:Hungary
Guilderland,HRC:Italy
Guilderland,HRC:Italy
Guilderland,Plenary:Egypt
Guilderland,SpecPol:Egypt
Guilderland,HRC:United Kingdom
Guilderland,DISEC:United Kingdom
Guilderland,Sherpa + Nepalese Government:Sumit Joshi
Guilderland,Global Nato:France
Guilderland,"Second Council of Lyon:Maurizio Di Gaetano, Delegate from Sicily, Representing Charles of Anjou"
Guilderland,Guadalajara:Cavally
Guilderland,ICC:Afghanistan
Guilderland,Westphalia:Brandenburg-Prussia
Guilderland,Sri Lankan Parliament:K. Kodeeswaran
Guilderland,Egyptian Government:14
Guilderland,Muslim Brotherhood:Saad al-Katatni
Whitman-Hanson,Environmental Assembly:Saudi Arabia
Whitman-Hanson,ECOSOC:Saudi Arabia
Whitman-Hanson,WHO:France
Whitman-Hanson,UN Women:France
Whitman-Hanson,Westphalia:Spain 2
Whitman-Hanson,"British Parliament:Thomas Pitt, 1st Baron Camelford"
Whitman-Hanson,Australian Parliament:David Bushby
Whitman-Hanson,Australian Parliament:Ian Macdonald
Whitman-Hanson,Singapore Crisis:Abdul Hamid bin Jumat
Whitman-Hanson,Italy:Giuseppe Mazzini (Leader of Young Italy)
Whitman-Hanson,Hungary:Paul Anton Esterházy
Whitman-Hanson,Gulf States:Hamdan bin Rashid Al Maktou
Wheeler,WHO:Algeria
Wheeler,UN Women:Algeria
Wheeler,African Union:Zimbabwe
Wheeler,African Union:Guinea-Bissau
Wheeler,Environmental Assembly:Bahrain
Wheeler,ECOSOC:Bahrain
Wheeler,HRC:Iran
Wheeler,DISEC:Iran
Wheeler,UNHCR:Pakistan
Wheeler,UNDP:Pakistan
Wheeler,British Parliament:Henry Fox
Wheeler,Global Nato:India
Wheeler,Westphalia:Austria (German Habsburgs)
Wheeler,"British Parliament:Welbore Ellis, 1st Baron Mendip"
Wheeler,Rashidun Caliphate:Jamil Asfour
Wheeler,Australian Parliament:John Williams
Wheeler,Guadalajara:Pará
Wheeler,Italy:Victor Emmanuel (Prince of Piedmont)
Wheeler,Cuba:Blas Roca Calderío
Wheeler,Muslim Brotherhood:Essam al-Haddad
The Heschel School,EU:Denmark
The Heschel School,WHO:Jordan
The Heschel School,UN Women:Jordan
The Heschel School,UNHCR:Australia
The Heschel School,UNDP:Australia
The Heschel School,Peter the Great:Archbishop Stefan Yavorsky
The Heschel School,Sri Lankan Parliament:Shanthi Sriskandarasa
The Heschel School,Australian Parliament:Bridget McKenzie
The Heschel School,Sherpa + Nepalese Government:Madhu Sudan Burlakoti
The Heschel School,ICC:Colombia
The Heschel School,Holy Alliance:Karl Ludwig von Bruck
The Heschel School,Singapore Crisis:Lim Yew Hock
The Heschel School,Egypt Protestors:Ahmed Maher of the April 6th Movement
The Heschel School,US (Cuba):14
The Heschel School,Hungary:Ferenc Duschek.
Newton North,African Union:Seychelles
Newton North,DISEC:Tajikistan
Newton North,Environmental Assembly:Cambodia
Newton North,ECOSOC:Cambodia
Newton North,"EPA:Alvin Alm, Assistant Administrator for Planning and Management"
Newton North,ICC:Tunisia
Newton North,Zanzibar Revolutionary Government:19
Newton North,Guadalajara:Yucatán
Newton North,Peter the Great:Prince Yury Trubetskoy
Newton North,Cuba:Carlos Rafael Rodríguez
Newton North,Egyptian Government:9
Newton North,Columbian Crisis:Head of US Drug Enforcement Administration
Newton North,Egyptian Government:5
Newton North,US (Cuba):10
Vermont Commons,EU:Finland 
Vermont Commons,Environmental Assembly:Iran
Vermont Commons,ECOSOC:Iran
Vermont Commons,Arab League:Syria
Vermont Commons,Westphalia:Netherlands
Vermont Commons,Global Nato:Estonia
Vermont Commons,Algeciras:Henri Dupont
Vermont Commons,Sri Lankan Parliament:Kamala Ranathunga
Vermont Commons,EPA:Assistant Administrator for the Office of Air and Radiation;
Vermont Commons,Egypt Protestors:Lina Ben Mhenni of the Youth Protesters Group
Vermont Commons,Egypt Protestors:Youssef Hannibal of the Popular Front
Vermont Commons,Singapore Crisis:Ong Eng Guan
Vermont Commons,Egypt Protestors:Sameh Naguib of the Revolutionary Socialists
Burr and Burton Academy,African Union:Western Sahara
Burr and Burton Academy,WHO:Argentina
Burr and Burton Academy,UN Women:Argentina
Burr and Burton Academy,Zanzibar Revolutionary Government:11
Burr and Burton Academy,Westphalia:Bavaria
Burr and Burton Academy,Italy:Cesare Balbo (Prime Minister of Sardinia)
Burr and Burton Academy,Cuba:Haydée Santamaría Cuadrado
Burr and Burton Academy,Columbian Crisis:Minister of Foreign Affairs
Fayetteville-Manlius,Security Council:PALESTINIAN TERRITORIES
Fayetteville-Manlius,Environmental Assembly:Belgium
Fayetteville-Manlius,ECOSOC:Belgium
Fayetteville-Manlius,Security Council:EGYPT
Fayetteville-Manlius,Plenary:Bangladesh
Fayetteville-Manlius,SpecPol:Bangladesh
Fayetteville-Manlius,UNHCR:Mexico
Fayetteville-Manlius,UNDP:Mexico
Fayetteville-Manlius,UNHCR:Austria
Fayetteville-Manlius,UNDP:Austria
Fayetteville-Manlius,UNHCR:Canada
Fayetteville-Manlius,UNDP:Canada
Fayetteville-Manlius,ECOSOC:El Salvador
Fayetteville-Manlius,UNHCR:El Salvador
Fayetteville-Manlius,SpecPol:Hungary
Fayetteville-Manlius,EU:Hungary
Fayetteville-Manlius,Plenary:Bulgaria
Fayetteville-Manlius,SpecPol:Bulgaria
Fayetteville-Manlius,HRC:Bulgaria
Fayetteville-Manlius,DISEC:Bulgaria
Fayetteville-Manlius,Plenary:France
Fayetteville-Manlius,SpecPol:France
Fayetteville-Manlius,SpecPol:Brazil
Fayetteville-Manlius,HRC:Brazil
Fayetteville-Manlius,HRC:Egypt
Fayetteville-Manlius,Global Nato:Latvia
Fayetteville-Manlius,EPA:Assistant Administrator for the Office of Environmental Information
Fayetteville-Manlius,Gulf States:Hamad bin Ali Al Attiyah
Fayetteville-Manlius,Gulf States:Sheikh Mohammed bin Rashid Al Maktoum
Fayetteville-Manlius,Italy:Pius IX (Pope)
Hopkinton,African Union:Liberia
Hopkinton,WHO:Greece
Hopkinton,Rashidun Caliphate:Youssef Abboud
Hopkinton,Sri Lankan Parliament:Duminda Dissanayake
Hopkinton,Singapore Crisis:David Marshall
Hopkinton,US (Cuba):3
Wyoming Seminary,EU:Malta 
Wyoming Seminary,WHO:Italy
Wyoming Seminary,WHO:Italy
Wyoming Seminary,EU:Czech Republic 
Wyoming Seminary,African Union:Ethiopia
Wyoming Seminary,Environmental Assembly:Australia
Wyoming Seminary,ECOSOC:Australia
Wyoming Seminary,Environmental Assembly:United Kingdom
Wyoming Seminary,ECOSOC:United Kingdom
Wyoming Seminary,UNHCR:Egypt
Wyoming Seminary,UNDP:Egypt
Wyoming Seminary,DISEC:Brazil
Wyoming Seminary,Zanzibar Revolutionary Government:2
Wyoming Seminary,Sherpa + Nepalese Government:Nimadoma Sherpa
Wyoming Seminary,Australian Parliament:Simon Birmingham
Wyoming Seminary,"EPA:John R. Quarles, Jr. 1st General Counsel to the EPA"
Wyoming Seminary,Egypt Protestors:Alaa al Aswani with Kefaya
Wyoming Seminary,Singapore Crisis:Poh Soo Kai
Concord Academy,Arab League:Lebanon
Concord Academy,African Union:Sudan
Concord Academy,Arab League:Sudan
Concord Academy,UNHCR:Algeria
Concord Academy,UNDP:Algeria
Concord Academy,Global Nato:Australia
Concord Academy,Algeciras:Amelia Smith
Concord Academy,Sri Lankan Parliament:Malani Fonseka
Concord Academy,Sri Lankan Parliament:Vijayakala Maheswaran
Concord Academy,Hungary:László Csány.
Concord Academy,Italy:Eusebio Bava (Sardinian General)
Concord Academy,Muslim Brotherhood:Mohammed Hussein
Concord Academy,Singapore Crisis:Ahmad bin Ibrahim
Octorara,Arab League:Yemen
Octorara,Security Council:ISRAEL
Octorara,WHO:Austria
Octorara,Australian Parliament:Chris Back
Octorara,British Parliament:Edmund Burke
Octorara,US (Cuba):15
Octorara,Columbian Crisis:Minister of Health and Social Security
Octorara,Gulf States:Tariq Mubarak bin Dayna
St. George's,EU:Luxembourg 
St. George's,WHO:Mexico
St. George's,UN Women:Mexico
St. George's,Environmental Assembly:Turkey
St. George's,ECOSOC:Turkey
St. George's,Algeciras:Matthew Hobbes
St. George's,Westphalia:France
St. George's,British Parliament:Anthony Bacon
St. George's,Westphalia:Austria (German Habsburgs) 2
St. George's,Sherpa + Nepalese Government:Pasang Bhote
Millbrook,EU:Estonia
Millbrook,Environmental Assembly:Costa Rica
Millbrook,Environmental Assembly:Argentina
Millbrook,ECOSOC:Argentina
Millbrook,Plenary:Bahrain
Millbrook,SpecPol:Bahrain
Millbrook,Sri Lankan Parliament:Karu Jayasuria
Millbrook,Sherpa + Nepalese Government:Todd Burleson
Millbrook,Algeciras:Hans Schneider
Millbrook,Muslim Brotherhood:Mohammed Ghozlan
Millbrook,Hungary:Lázár Mészáros
Millbrook,Egypt Protestors:Ahmed Douma of the April 6th Movement
Herricks,EU:Slovakia 
Herricks,Arab League:Oman
Herricks,Plenary:Armenia
Herricks,SpecPol:Armenia
Herricks,UNHCR:Italy
Herricks,UNDP:Italy
Herricks,Plenary:Israel
Herricks,SpecPol:Israel
Herricks,SpecPol:Finland
Herricks,HRC:Finland
Herricks,SpecPol:United Kingdom
Herricks,EU:United Kingdom
Herricks,EU:Latvia
Herricks,Environmental Assembly:India
Herricks,ECOSOC:India
Herricks,Plenary:India
Herricks,SpecPol:India
Herricks,UNDP:Morocco
Herricks,Plenary:Morocco
Herricks,Plenary:Cameroon
Herricks,SpecPol:Cameroon
Herricks,UNDP:El Salvador
Herricks,Plenary:El Salvador
Herricks,HRC:Russia
Herricks,DISEC:Russia
Herricks,Peter the Great:Baron Aleksandr Stroganov
Herricks,Zanzibar Revolutionary Government:6
Herricks,Gulf States:Yusuf bin Alawi bin Abdullah
Herricks,Italy:Leopold II (Grand Duke of Tuscany)
Herricks,Singapore Crisis:Seow Peck Leng
Hackley,African Union:Benin
Hackley,Security Council:BOLIVIA
Hackley,UNHCR:Iran
Hackley,UNDP:Iran
Hackley,Environmental Assembly:Afghanistan
Hackley,ECOSOC:Afghanistan
Hackley,HRC:Bahrain
Hackley,DISEC:Bahrain
Hackley,Arab League:Iraq
Hackley,HRC:Canada
Hackley,DISEC:Canada
Hackley,UNHCR:Cameroon
Hackley,UNDP:Cameroon
Hackley,HRC:France
Hackley,DISEC:France
Hackley,Arab League:Bahrain
Hackley,UNHCR:India
Hackley,UNDP:India
Hackley,ICC:Mali
Hackley,Global Nato:Canada
Hackley,Sherpa + Nepalese Government:Tilak Ram Pandey
Hackley,"EPA:Gary Baise, First Chief of Staff to the first US EPA Administrator"
Hackley,Sherpa + Nepalese Government:Lapka Rita
Hackley,Columbian Crisis:Minister of Mines and Energy
Hackley,Singapore Crisis:Lim Hock Siew
New Canaan,WHO:Turkey
New Canaan,UN Women:Turkey
New Canaan,Security Council:UK
New Canaan,African Union:Mauritius
New Canaan,Security Council:FRANCE
New Canaan,UNHCR:Afghanistan
New Canaan,UNDP:Afghanistan
New Canaan,Environmental Assembly:Russia
New Canaan,ECOSOC:Russia
New Canaan,UNHCR:Cambodia
New Canaan,UNDP:Cambodia
New Canaan,Plenary:Austria
New Canaan,SpecPol:Austria
New Canaan,Global Nato:United States
New Canaan,Sherpa + Nepalese Government:Ang Nimi
New Canaan,Sri Lankan Parliament:Ravi Karunanayake
New Canaan,Global Nato:Lithuania
New Canaan,"EPA:Rachel Carson, Author of book Silent Spring"
New Canaan,Zanzibar Revolutionary Government:1
New Canaan,Zanzibar Revolutionary Government:4
New Canaan,Australian Parliament:Doug Cameron
New Canaan,Singapore Crisis:Lee Kuan Yew
New Canaan,Holy Alliance:Josip Jelačić
New Canaan,Holy Alliance:Count Karl Ludwig von Ficquelmont
St. Andrew's,Security Council:CHINA
St. Andrew's,Arab League:United Arab Emirates
St. Andrew's,Rashidun Caliphate:Zubayr
St. Andrew's,Guadalajara:Caquetá
St. Andrew's,Guadalajara:Piura
St. Andrew's,"British Parliament:Frederick North, Lord North"
St. Andrew's,Columbian Crisis:Minister of Foreign Trade
St. Andrew's,Cuba:Celía Sanchéz Manduley
St. Andrew's,Cuba:Guillermo García Frías
St. Andrew's,Cuba:Vilma Lucila Espín Guillois
American Heritage Plantation,African Union:South Africa
American Heritage Plantation,UNHCR:Armenia
American Heritage Plantation,UNDP:Armenia
American Heritage Plantation,Plenary:Mexico
American Heritage Plantation,SpecPol:Mexico
American Heritage Plantation,WHO:Egypt
American Heritage Plantation,UN Women:Egypt
American Heritage Plantation,ECOSOC:Morocco
American Heritage Plantation,UNHCR:Morocco
American Heritage Plantation,Global Nato:South Africa
American Heritage Plantation,Peter the Great:Baron Andrey Osterman
American Heritage Plantation,Guadalajara:Papua
American Heritage Plantation,ICC:Jordan
American Heritage Plantation,Rashidun Caliphate:Talhah
American Heritage Plantation,EPA:Assistant Administrator for the Office of International and Tribal Affairs;
American Heritage Plantation,British Parliament:James Townsend
American Heritage Plantation,Australian Parliament:Fiona Nash
American Heritage Plantation,US (Cuba):8
American Heritage Plantation,"Holy Alliance:Alfred I, Prince of Windisch-Grätz"
American Heritage Plantation,Singapore Crisis:Sinnathamby Rajaratnam
Belmont Hill,WHO:South Korea
Belmont Hill,UN Women:South Korea
Belmont Hill,Plenary:Afghanistan
Belmont Hill,SpecPol:Afghanistan
Belmont Hill,Guadalajara:Campeche
Belmont Hill,Westphalia:France 2
Belmont Hill,Guadalajara:Central Kalimantan
Belmont Hill,ICC:Portugal
Belmont Hill,Westphalia:Spain
Belmont Hill,Westphalia:Bavaria 2
Belmont Hill,Holy Alliance:Princess Sophie of Bavaria
Belmont Hill,Holy Alliance:Albrecht Graf von Bernstorff
Belmont Hill,Columbian Crisis:Minister of National Defence
Belmont Hill,Hungary:Lajos Kossuth
Belmont Hill,Italy:Antonio Franzini (Sardinian Minister of War)
Belmont Hill,Columbian Crisis:Minister of National Education
